adjusted_edge_jaccard,division_jaccard,proxy_score,div_tp,div_fp,div_fn,missed_gt_nodes,spurious_pred_nodes,edges_recovered,edges_fragmented,edges_lost_to_detection,wrong_association_edges,config,group,n,safe_divisions_added,readmitted_nodes,gapfill_added_nodes
0.9203648146891972,0.2,0.9403648146891972,3,6,6,148,201290,8308,187,178,11,as_is,all,10,124,2836,143
0.9203648146891972,0.2,0.9403648146891972,3,6,6,148,201290,8308,187,178,11,as_is,6bba,10,124,2836,143
0.9266012377994778,0.21428571428571427,0.9480298092280492,3,5,6,142,201163,8332,167,174,11,stab_3.0,all,10,129,2852,135
0.9266012377994778,0.21428571428571427,0.9480298092280492,3,5,6,142,201163,8332,167,174,11,stab_3.0,6bba,10,129,2852,135
0.9264895328438794,0.21428571428571427,0.9479181042724508,3,5,6,142,201167,8332,167,174,11,stab_2.5,all,10,133,2853,136
0.9264895328438794,0.21428571428571427,0.9479181042724508,3,5,6,142,201167,8332,167,174,11,stab_2.5,6bba,10,133,2853,136
0.9255363086746425,0.21428571428571427,0.946964880103214,3,5,6,145,201206,8326,171,176,10,stab_4.0,all,10,128,2848,136
0.9255363086746425,0.21428571428571427,0.946964880103214,3,5,6,145,201206,8326,171,176,10,stab_4.0,6bba,10,128,2848,136
0.92701305859841,0.21428571428571427,0.9484416300269815,3,5,6,142,201169,8333,166,174,11,stab_2.0,all,10,134,2858,138
0.92701305859841,0.21428571428571427,0.9484416300269815,3,5,6,142,201169,8333,166,174,11,stab_2.0,6bba,10,134,2858,138
