"submission_id","datetime","experiment_id","kaggle_ref","message","public_lb","private_lb","status","notes"
"56171162","2026-09-13","edge_tta_det096","taeyangg4/biohub-edge-tta-det-0-96-experiment v2","controlled edge-TTA det0.96 T4 anchor","0.945","","complete","Proven current account anchor before clean public0947 reproduction"
"56186731","2026-09-13","dctta_hoct_det0965","taeyangg4/biohub-dctta-hoct-det0965 v1","DCTTA HOCT det0.965 official-metric proxy winner","0.944","","complete","HOCT veto did not beat edge-TTA anchor"
"56193365","2026-09-13","no_linefit_hoct_det0965","taeyangg4/biohub-dctta-hoct-det0965-nolinefit v1","no-linefit det0.965 HOCT strong official-metric proxy 0.9054","0.933","","complete_closed","Visible proxy improvement failed badly on hidden LB; do not reopen this branch from visible gains"
"56200431","2026-09-13","dual_hoct_no_linefit_det0965","taeyangg4/biohub-dctta-dualhoct-det0965-nolinefit v1","dual-HOCT no-linefit det0.965 patched proxy 0.9062","0.936","","complete_closed","Best visible proxy but hidden LB still far below anchor; confirms no-linefit overfit"
"56209758","2026-09-14","clean_public0947_anchor","taeyangg4/biohub-dctta-lite-public0947-anchor v1","clean public-0.947 settings anchor","0.946","","complete","Kernel COMPLETE and VALID; scored 0.946 (missed 0.947 due to BIOHUB_VALIDATOR_ENABLE=0 with hard-coded 6.0 um relink); Rank 932"
"56390878","2026-09-20","c003_medal_frontier","taeyangg4/biohub-c003-medal-frontier v1","C003 medal frontier (diverge 1.0 sym 0.8 tight 5.5)","0.946","","complete","Scored 0.946; missed 0.947 baseline; no gain over anchor"
"56391478","2026-09-20","c004_adaptive_lineage","taeyangg4/biohub-c004-adaptive-lineage v1","C004 adaptive lineage enveloping (sister 16 exist 12 diverge 0.5)","0.948","","complete","PROVEN MEDAL BREAKTHROUGH: 0.948! Surpassed 689-team 0.947 baseline plateau; Rank <= 213 (Bronze safe / Silver proximity) | CORRECTION 2026-09-23: the in-notebook validator rewrote this submission with combo(div_base_strict+tight52) = B0 strict division (sister 14, tau 0.6, diverge 2.25, child 10, cap 0.00375) + MOTION_RELINK_TIGHT_UM 5.2; the sister-16/diverge-0.5 envelope in the message was rejected (val proxy 0.9359 vs 0.9511) and is NOT what scored 0.948 (tmp/c004_log/ppsweep_selected.json)"
"56417179","2026-09-21","c005_gold_fusion","taeyangg4/biohub-c005-gold-fusion v3","C005 gold fusion pipeline (kinematic anti-swap + cytokinesis 0.5 + gap2 + short rescue)","0.944","","complete","Scored 0.944 (regression from 0.948 anchor). RCA confirmed root cause: aggressive short-track rescue (min_len=3, min_prob=0.82) introduced false positive noise and excessive velocity momentum (0.75) forced linear tracking errors"
"56417332","2026-09-21","c006_consensus_fusion","taeyangg4/biohub-c006-consensus-fusion v2","C006 consensus fusion (localized gap anchor 6.0 um, dual-seed consensus, cytokinesis 0.5)","0.944","","complete","Scored 0.944 (regression from 0.948 anchor). RCA confirmed root cause: aggressive short-track rescue (min_len=3, min_prob=0.82) introduced false positive noise and excessive velocity momentum (0.75) forced linear tracking errors"
"56421907","2026-09-22","c007_champion_frontier","taeyangg4/biohub-c007-champion-frontier v1","C007 champion frontier (kinematic anti-swap 0.80 + bidirectional consensus + cytokinesis 0.5 + gap2 11.5)","0.946","","scored","Scored 0.946 (+0.002 over C005/C006 via bidirectional consensus 0.15, but -0.002 below C004 0.948 anchor; confirms aggressive short rescue min_len=3 and high vel_weight 0.80 caps performance below 0.948)"
"56446303","2026-09-22","c008_local_transformer_fusion","taeyangg4/biohub-c008-local-transformer-fusion v1","C008 local transformer fusion (anchored on proven C004 + 4070Ti local UNet transformer weights)","0.926","","complete","Scored 0.926 (severe regression from 0.948 anchor). RCA confirmed root cause: offline 4070Ti weights had feature scaling/domain mismatch with Reyhan primary pipeline, corrupting edge logits during low-margin consensus blending. Proves offline weights cannot be blended directly without exact feature space alignment."
"None","2026-09-22","c009_boost_geometric_fusion","taeyangg4/biohub-c009-boost-geometric-fusion v1","C009 boost geometric fusion (C004 anchor + local 4070Ti weights + weak-leaf prune + prefix-guard)","","","kernel_complete","Execution COMPLETE on Kaggle GPU. Hold submission per user directive: C009 contains 4070Ti weights which caused C008 regression."
"None","2026-09-23","c010_x138_flow_fusion","taeyangg4/biohub-c010-x138-flow-fusion v1","C010 x138 flow fusion (x138 flow prior + detection readmit + sub-threshold gapfill + C004 cytokinesis, V1284_MODE=zero)","","","superseded_do_not_submit","Superseded by C011 on 2026-09-23: its C004 wide division envelope costs -0.0070 on x138 post-processing replay (0.9424 -> 0.9354, 12 movies, division FP 3 -> 16). Never pushed or submitted."
"None","2026-09-23","c011_x138_zero","taeyangg4/biohub-c011-x138-zero v1","C011 x138 minus private V1284 head (V1284_MODE=zero); all other settings identical to x138 public 0.953","","","kernel_complete_held","Kernel COMPLETE 2026-09-23 02:31 UTC (16 min, valid 244,284-row submission; readmit + gap filler active). NOT submitted by user decision: code-identical public notebook thtennant/biohub-frontier947-readmit-v1 scored 0.946 (< 0.948 best). Visible-4 official metric 0.9056 vs C004 0.8953 - visible gains have not transferred before."
"56483602","2026-09-23","c012_v1284_head","taeyangg4/biohub-c012-v1284-head-v1 v1","C012 x138 pipeline + own V1284-compatible head v1 (candidate mode)","0.952","","complete","Kernel COMPLETE 2026-09-23 13:54 KST; head sha256 9d3484f7 loaded on T4; T4 vs local refined coords |diff| max 0.003 um; visible-4 official 0.9252 (= local). Local e2e 12 held-out movies 0.9470 vs C011 0.9367 (+0.0103; 44b6 adj-edge -0.0038). Submitted 2026-09-23 05:16 UTC on user instruction."
"56483608","2026-09-23","c013_v1284_head_a05","taeyangg4/biohub-c013-v1284-head-a05 v1","C013 x138 pipeline + own V1284-compatible head v1 with output layer x0.5","0.948","","complete","Kernel COMPLETE 2026-09-23 13:54 KST; head sha256 209bc591 loaded on T4; T4 vs local refined coords |diff| max 0.002 um; visible-4 official 0.9175 (= local). Local e2e 12 held-out movies 0.9425 vs C011 0.9367 (+0.0058; both embryos improve). Submitted 2026-09-23 05:16 UTC on user instruction."
"56487249","2026-09-23","c014_v1284_head_noreadmit","taeyangg4/biohub-c014-v1284-head-noreadmit v1","C014 x138 pipeline + own V1284-compatible head v2 (sha256 78053e74), readmit off","0.949","","complete","Submitted 2026-09-23 07:47 UTC (user pre-authorised). Local e2e 12 held-out movies 0.9485 (best of v1/v2/v3 with readmit off). T4 vs local refined coords |diff| median 2.5e-4 um; visible-4 official 0.9159 (= local)."
"56499136","2026-09-23","c015_v1284_head_v1_noreadmit","taeyangg4/biohub-c015-v1284-head-v1-noreadmit v1","C015 = C012 (x138 pipeline + own V1284 head v1, sha256 9d3484f7) with readmit off","0.951","","complete","Single change vs C012 (LB 0.952): readmit off. Screened on 12 held-out movies and confirmed on 10 unseen 6bba movies (+0.0022 6bba, edge better 7/10). Predicted LB 0.952-0.953. T4 = local (visible-4 0.9229). Submitted 2026-09-23 16:47 UTC, last slot of the day (user pre-authorised). RESULT 0.951 (< C012 0.952): readmit must stay ON with the head; the 10-movie confirmation (+0.0022) was noise, the 12-movie 6bba proxy (0.9513 -> 0.951) was right."
"","2026-09-24","c016_division_scorer","(not built for Kaggle)","C016 = C012 + learned division scorer after x138 rule; NO-GO: per-parent precision 6-11 % (criterion >= 35 %), nothing uploaded or pushed","","","not_run","Not submitted (no-go, HANDOFF section 20)"
"56515876","2026-09-24","c017_jump_stabilized_relink","taeyangg4/biohub-c017-jump-stabilized-relink v1","C017 = C012 + jump-stabilized motion relink (STAB_MIN_UM 4.0; notebook sha256 9b2ada59). Local: held-out 6bba 0.9510 -> 0.9608 (pred LB 0.9543; anchored on C012 actual ~0.955), confirm-10 +0.0066, 97 movies +0.0071; expected visible-4 0.9385","0.952","","complete","Pushed 16:37 KST, kernel complete 16:52 (15 min); T4 visible-4 official 0.93852 = local 0.9385; submitted 2026-09-24 07:55 UTC on user order"
"56518071","2026-09-24","c018_frozen_catchup_prior","taeyangg4/biohub-c018-frozen-catchup-prior v1","C018 = C017 + frozen-frame catch-up prior (local 97 movies +0.0004 vs C017); expected visible-4 0.9385","0.952","","complete","Pushed 18:12 KST; T4 visible-4 0.93852 = local; submitted 2026-09-24 09:43 UTC on user order"
"56518073","2026-09-24","c020_stabilize_all_pairs","taeyangg4/biohub-c020-stabilize-all-pairs v1","C020 = C017 with every frame pair stabilized (STAB_MIN_UM 0.001; local 97 movies +0.0011 vs C017, held-out 6bba +0.0020); expected visible-4 0.9407","0.953","","complete","Pushed 18:12 KST; T4 visible-4 0.94069 = local; submitted 2026-09-24 09:43 UTC on user order"
"56519685","2026-09-24","c021_ilp_edge_restore","taeyangg4/biohub-c021-ilp-edge-restore v1","C021 = C017 + ILP-edge restore p>=0.7 (josephadamski V1057; local 97 movies +0.0017 vs C017); expected visible-4 0.9363","0.953","","complete","Pushed 19:48 KST on user order; T4 visible-4 0.93631 = local; submitted on user order"
"56519304","2026-09-24","c022_stabilize_all_restore","taeyangg4/biohub-c022-stabilize-all-restore v1","C022 = C020 (every frame pair stabilized) + ILP-edge restore p>=0.7; local vs C017: 97 movies +0.0029, held-out 6bba +0.0015 (pred LB 0.9548), confirm-10 +0.0003; expected visible-4 0.9389","0.953","","complete","Pushed 19:26 KST; kernel complete by 19:44; T4 visible-4 0.93893 = local; submitted on user order"
"56538803","2026-09-25","c023_x138_head_stabilize_restore","taeyangg4/biohub-c023-x138-head-stabilize-restore v1","C023 = C022 with the x138 public V1284 head (anvithpothula/biohub-v1284-head-s075, sha 625a0d93); local held-out 12: 0.9547 vs C022 0.9592 (x138 head locally worse, as before; the LB preferred it 0.953 vs 0.952); expected visible-4 0.9334","0.954","","complete","Pushed 07:22 KST; kernel complete by 09:02; T4 visible-4 0.93335 = local 0.9334; submitted 2026-09-25 12:27 KST (user-approved plan)"
"56541277","2026-09-25","c024_head_ensemble","taeyangg4/biohub-c024-head-ensemble v1","C024 = C022 with the V1284 head ensemble (own v1 + x138 s075, mean of bounded shifts); local held-out 12 0.9593 (6bba 0.9579, 44b6 0.9571); expected visible-4 0.9315","0.954","","complete","Pushed 14:23 KST; kernel complete by 14:43; T4 visible-4 0.93147 = local 0.9315; submitted 14:46 KST (user order)"
"56546101","2026-09-25","c025_pp_settings","taeyangg4/biohub-c025-readmit3-gap4-linefit06 v1","C025 = C022 + BIOHUB_READMIT_RADIUS_UM 3 + BIOHUB_GAP_CLOSE_UM 4.0 + BIOHUB_OUTPUT_LINEFIT_WEIGHT 0.6 (97-movie sweep +0.0018, positive in every group); expected visible-4 0.9419","0.952","","complete","Pushed 17:26 KST; kernel complete 17:45; T4 visible-4 0.94186 = local; submitted 17:48 KST (user order)"
"56564110","2026-09-26","c028_x138head_pp_settings","taeyangg4/biohub-c028-x138head-pp-settings v1","C028 = C023 (0.954) + readmit 3 + gap-close 4 + linefit 0.6; x138-head held-out 12 +0.0045; expected visible-4 0.9298","0.951","","complete","Verified (harness == notebook), pushed 20:25 KST, kernel complete by 20:44; T4 visible-4 0.92975 = local 0.9298; API submit at 21:10 KST returned 400: the team's 5 daily slots were used (C023, C024, C025 + two teammate submissions 56547592 09:56 UTC and 56549785 11:51 UTC); submitted 2026-09-26 09:13 KST via API on the user's order (4 slots left today)"
"56564563","2026-09-26","c029_ensemble_pp_settings","taeyangg4/biohub-c029-ensemble-pp-settings v1","C029 = C024 (2-head ensemble, 0.954) + readmit 3 + gap-close 4 + linefit 0.6; local held-out 12 0.9646 (best local: 6bba 0.9632, 44b6 0.9624); expected visible-4 0.9343","0.950","","complete","Pushed 2026-09-25 21:16 KST; T4 visible-4 0.93431 = local 0.9343; submitted 2026-09-26 09:31 KST on user order (submit all probes)"
"56564591","2026-09-26","c027_head_ensemble3","taeyangg4/biohub-c027-head-ensemble3 v1","C027 = C022 + 3-head ensemble (ours v1 + x138 s075 + v4); local held-out 12 0.9543 (mixed vs C024 0.9593)","0.953","","complete","Pushed 2026-09-26 09:13 KST; kernel complete 09:31; T4 visible-4 0.93218 = local 0.9322; submitted 09:32 KST on user order"
"","2026-09-24","c019_ilp_seeded_flow","taeyangg4/biohub-c019-ilp-seeded-flow (built, never pushed)","C019 = C017 + ILP-seeded relink flow; held-out 12 +0.0000/+0.0004, confirm-10 +0.0002/+0.0006","","","not_run","Rejected locally (HANDOFF 22.2)"
"","2026-09-25","c026_head_v4","taeyangg4/biohub-c026-head-v4 (built, never pushed)","C026 = C022 with head v4 (187 movies); held-out 12 e2e 0.9465 (worst head)","","","not_run","Best pair-level localisation, worst end-to-end; dataset taeyangg4/biohub-v1284-head-v4 uploaded (HANDOFF 22.4)"
"","2026-09-26","c030_adabn","taeyangg4/biohub-c030-x138head-adabn (built, never pushed)","C030 = C023 + AdaBN test-time BatchNorm adaptation; held-out 12 -0.0004 (both UNets) / -0.0009 (primary only), 44b6 -0.019/-0.023","","","not_run","Closed: unstable by embryo (HANDOFF 24)"
"","2026-09-26","c031_division_cnn","(study, no notebook)","Appearance-based division classifier on 3-frame crops; OOF precision 0.58 at recall 0.5 on a 1:53 sample","","","not_run","NO-GO (HANDOFF 24)"
"","2026-09-27","c032_mean_det","taeyangg4/biohub-c032-temporal-mean-det (built, never pushed)","C032 mean_det; C023 temporal detection-context variant; all97 0.940095180 (delta -0.000394833), extension75 delta -0.001140978","","","not_run","Local study completed; rejected after official replay review; no push/submission; HANDOFF 26.3 and state/last_days_local_20260926/FINAL_REVIEW.md"
"","2026-09-27","c032_future_det","taeyangg4/biohub-c032-temporal-future-det (built, never pushed)","C032 future_det; C023 temporal detection-context variant; all97 0.939671800 (delta -0.000818213), extension75 delta -0.001609870","","","not_run","Local study completed; rejected after official replay review; no push/submission; HANDOFF 26.3 and state/last_days_local_20260926/FINAL_REVIEW.md"
"","2026-09-27","c032_mean_det_head","taeyangg4/biohub-c032-temporal-mean-det-head (built, never pushed)","C032 mean detection logits and head features; heldout12 +0.002310, confirm10 -0.000759; not extended","","","not_run","Local study completed; rejected after official replay review; no push/submission; HANDOFF 26.3 and state/last_days_local_20260926/FINAL_REVIEW.md"
"","2026-09-27","c033_structured_raw","taeyangg4/biohub-c033-structured-raw (built, never pushed)","C033 structured_raw; fixed public structured assignment; heldout12 -0.001057, confirm10 -0.000313; not extended","","","not_run","Local study completed; rejected after official replay review; no push/submission; HANDOFF 26.3 and state/last_days_local_20260926/FINAL_REVIEW.md"
"","2026-09-27","c033_structured_stabilized","taeyangg4/biohub-c033-structured-stabilized (built, never pushed)","C033 structured_stabilized; fixed public structured assignment; heldout12 -0.001057, confirm10 -0.000313; not extended","","","not_run","Local study completed; rejected after official replay review; no push/submission; HANDOFF 26.3 and state/last_days_local_20260926/FINAL_REVIEW.md"
"","2026-09-27","c034_appearance_reid","(local diagnostic; no model or notebook)","C034 appearance ReID; 22-movie candidate capture: 2302 positive / 16 known negative / 2610 unknown; both cross-embryo fits skipped (6/10 negatives, minimum 20 per class)","","","not_run","Closed: insufficient supervision, not measured appearance failure. C023 baseline checks passed all22. No graph modification, T4 run or submission. HANDOFF 27.1; c034_appearance_reid/FINAL_REVIEW.md"
"","2026-09-27","c035_augmented_reid","(local training diagnostic; no notebook)","C035 completed: four GT-supervised CNN fits, all22 controls passed; weak augmentation diagnostic conservative net +1/-3 by embryo; both learned arms fail fixed gate","","","not_run","Closed: no graph integration, modified official score, T4 or submission. 4467 GT triplets from24 movies excluding official97; source and123 artifact hashes verified. FINAL_REVIEW.md; HANDOFF28.1."
"","2026-09-27","c036_local_registration","(local registration diagnostic; no notebook)","C036 completed22 movies:958/2302 trusted registration estimates; conservative diagnostic net+1/0 by embryo, fixed gate failed","","","not_run","Closed: image boundaries rejected1218 groups (52.9%); no graph integration, official delta, T4 or submission. Source and66 artifact hashes verified. FINAL_REVIEW.md; HANDOFF29.1."
"","2026-09-27","c037_transformer_finetune","(local study; no Kaggle candidate version)","C037 frozen-detector Transformer cross-embryo training; official22 pilot of150-step/600-step/25percent learned-base blend","","","not_run","Completed11:08KST; official22 deltas +0.000356915/+0.000148301/-0.000275960 but all lose confirm10 and6bba. Zero division training targets; hashes verified. Retained; fixed early150+C038 replay registered after positive C038 pilot. No Kaggle operation. HANDOFF30.4."
"","2026-09-27","c038_complementary_fusion","(local study; no Kaggle candidate version)","C038 appearance plus trusted image-motion agreement; small conditional1fix/0harm proceeds to GT-free actual graph replay","","","not_run","Reviewed extension/combo:97 appearance +0.000012228/agreement -0.000000557; both lose extension75. C037 combo improves C037 but loses C023 confirm10/6bba. Retain complementarity evidence; no submission. followup_extension/FINAL_REVIEW.md."
"","2026-09-27","c039_public_v6_salvage","(local study; no Kaggle candidate version)","C039 isolated publicV6 primary-max/calibrated-max detector fusion and repaired division function","","","not_run","Closed:13 jobs/37 input hashes/exact off-smoke/22 controls passed. Official22 detector arms -0.002212135 each; repaired division -0.006702089, all lose both splits/embryos. No extension/T4/submission;0 slots. FINAL_REVIEW.md."
"","2026-09-27","c040_late600_combo","(local fixed combination)","Cached late600 + unchanged C038 appearance/agreement; official22 replay with own off controls","","","not_run","97 late600 +0.001053834, combo +0.001171747; total/edge positive both embryos and75. Appearance incremental negative75.819/2930 hashes,2 reproductions/75 off controls pass. Proceed fixed C041, no Kaggle writes. extension75/FINAL_REVIEW.md."
"","2026-09-27","c041_fixed_models","(local fixed-model study)","Fixed global600 Transformer parameter mean / mean-cosine CNNs / combined; actual22","","","not_run","Completed10 jobs;1586/950 hashes,2 single-model exact graphs/22 off controls pass. Transformer22 +0.001201508, combined +0.001701601; positive both splits/embryos. Build C042/C043 and verify portable/T4. No Kaggle writes."
"56614627","2026-09-27T17:01:53.873631+00:00","c042_fixed_transformer","taeyangg4/biohub-c042-fixed-transformer v1","C042 fixed C041 models v1; exact local/T4 parity verified","0.954","","complete","Actual T4 official visible4 .9315252396676436; local CSV byte-identical; all4 fallback0/degradation0; exact model/source/version verified. Submission accepted; no LB polling. Public0.954 confirmed by user and one requested API readback; matches C023/C024 at displayed precision, no demonstrated LB improvement."
"56614629","2026-09-27T17:01:57.776769+00:00","c043_fixed_transformer_appearance","taeyangg4/biohub-c043-fixed-transformer-appearance v1","C043 fixed C041 models v1; exact local/T4 parity verified","0.954","","complete","Actual T4 official visible4 .9315252396676436; local CSV byte-identical; all4 fallback0/degradation0; exact model/source/version verified. Submission accepted; no LB polling. Public0.954 confirmed by user-requested API readback; C042 and C043 equal C023/C024 at displayed precision. No displayed gain established by adding fixed appearance to the tuned Transformer."
"56618641","2026-09-27T20:23:29.898602+00:00","c044_fixed_ensemble_transformer","taeyangg4/biohub-c044-ensemble-transformer v1","C044 C024 ensemble + fixed C041 models v1; exact local/T4 parity verified","0.953","","complete","Actual T4 official visible4 .92894137758261; local CSV byte-identical; all4 fallback0/degradation0; exact notebook/model/head/runtime/version verified. Submission accepted; no LB polling. User-reported public0.953 on2026-09-28,displayed-0.001 vs C023/C024. No final-pick promotion;no repeat submission."
"56622952","2026-09-28T00:04:47.257904+00:00","c045_fixed_ensemble_transformer_appearance","taeyangg4/biohub-c045-ensemble-transformer-appearance v1","C045 C024 ensemble + fixed Transformer and appearance v1; exact local/T4 parity verified","","","submitted_pending","Actual T4 official4 .92894137758261; exact local CSV,all4 fallback0/degradation0,exact source/model/head/runtime/version. Submitted after fresh UTC-day shared quota; no LB polling."
"","2026-09-28T00:10:20.227601+00:00","c046_fixed_appearance_extension","(local fixed-model97 study)","Original C023 + unchanged fixed C041 mean-cosine appearance only","","","local_review_complete","All97 complete;7179 inputs/402 outputs verified,exact44 pilot graphs/metrics,97 off metrics/75 off graphs. Analysis-only recovery skipped structurally empty confirm10/44b6 without changing original source or replay outputs. Delta97+.000093011,75+.000020713,97 6bba-.000001495. Exploratory portable candidate; no push/submission yet. Portable C046 notebook prepared; actual4-job verification launched, target.933351469555918. No T4 push yet."
"56654681","2026-09-28T23:34:29.269783+00:00","c046_fixed_appearance","taeyangg4/biohub-c046-fixed-appearance v1","C046 C023 + fixed appearance only v1; exact local/T4 parity; user-authorized exploratory submission","0.954","","SCORED_USER_REPORTED","Local4 jobs/7593 input/225 outputs verified;actual12 replay/4 writer,fallback0/degradation0. Exactv1 push accepted;target actualT4 .9333514695559179. No competition submission yet.;2026-09-28 split audit: mixed model local score not independent owing to source-crop overlap;submission held pending corrected review.;ActualT4 complete visible4.9333514695559179,CSV/source/model parity,fallback0;not submitted after split review. Scientific hold resolved after corrected C048 review:retain exact proof,not selected for submission;no pending compute.; 2026-09-29 explicit user exploration instruction supersedes prior submission hold. Exact v1 T4 proof and 94 recorded artifacts rehashed; no other candidate output duplicate. Fresh shared quota4/5; acceptedID56654681. Local scientific limitations unchanged; no score polling; C023/C024 final picks preserved.; User-reported2026-09-29 public0.954, linked scriptVersion353455176. No score polling or resubmission."
"","2026-09-28T02:19:42.806213+00:00","c047_hard_example_appearance","","c047_hard_example_appearance","","","stopped_split_redesign","Stopped after29 data-preparation jobs BEFORE fitting. Pixel-identical source overlap found between original24 and official97. Source/plan/artifacts retained;replaced byC048 whole-embryo folds."
"","2026-09-28T02:19:42.806213+00:00","c048_embryo_holdout_appearance","","c048_embryo_holdout_appearance","","","local_complete_no_promotion","32jobs/hashes/97controls passed;97delta+.000038835,44b6+.000918897,6bba-.000061212;small mixed. No production promotion;FINAL_REVIEW authoritative."
"","2026-09-28T03:20:59.988565+00:00","c049_division_embryo_audit","","Correct C031 split/metric with unchanged learner","","","local_complete_no_integration","4jobs4388inputs10outputs passed;fixed.5precision.156/.245recall.04/.5,trueP@R.5=.040/.302.No graph integration/submission."
"","2026-09-28T03:28:03.792286+00:00","c050_division_candidate_audit","","Correct C016 candidate learner whole-embryo split","","","local_complete_no_integration","Analysis-only safe NumPy scalar recovery;12inputs9outputs verified;checkpoint-fold/normalization/reloaded predictions exact. Threshold.9 TP/FP/FN6/154/70 and1/16/17;no submission."
"","2026-09-28T03:54:22.926907+00:00","c051_boundary_registration","","C036 boundary support using minimum feasible recentered real context","","","local_complete_no_integration","25jobs1161inputs92outputs996image chunks and22 original controls passed.484new trusted boundary groups,0new annotated recovery,1lost known match to unknown target. No graph integration/submission."
"56643044","2026-09-28T14:02:00.586919+00:00","c053_fixed_division_transformer","taeyangg4/biohub-c053-fixed-division-transformer v1","C053 C023 + fixed division-supervised Transformer mean600 v1; exact local/T4 parity verified","0.954","","complete","13localjobs53342inputs4067outputs verified;fit-domain97total+.000515697,both embryo/75positive,confirm10slightlynegative. C052 supplies opposite-embryo transfer evidence. ActualT4 target0.9333208250324538;exactsource/model/CSV/version/fallback andfreshquota/dedup required. No submissionID yet.; ActualT4 visible4 .9333208250324538,exact CSV/source/model/version,T4FP32mathSDPA4,repair_fallback0/deadline_degraded0. Fresh shared quota2/5 used before submission;acceptedID56643044. No score polling;C023/C024 final picks preserved.; user-reported 2026-09-29 public0.954; no displayed gain vs C023/C024; no score polling."
"","2026-09-28T17:31:22.753322+00:00","c054_output_ensemble","taeyangg4/biohub-c054-fixed-output-ensemble v1","C054 C023 + fixed raw-logit output ensemble of both C052 step600 Transformers v1; exact local/T4 parity verified","","","T4_VERIFIED_SUBMISSION_DEFERRED_QUOTA","14local jobs57441inputs4071outputs re-verified;fit-domain97 total+.000680505 vsC023,+.000164808 vsC053,non-negative vsC053 on all7groups,edgeFP-5/divFP-1. ActualT4 visible4 .9333293099124511 exact,CSV byte-identical,source/model/version1,FP32mathSDPA4,repair_fallback0/deadline_degraded0. Submit at17:30UTC returned bare400 with readback3/5 used;not accepted;resume after00:00UTC with fresh readback. Slug differs from dataset slug (409 on identical slug)."
"56648523","2026-09-28T17:51:18.110000+00:00","c054_output_ensemble","taeyangg4/biohub-c054-fixed-output-ensemble v1","(user manual submission, no description)","0.953","","SCORED_USER_REPORTED","Agent T4 verification passed (visible4 .9333293099124511 exact,CSV/source/model/version,fallback0/degradation0); agent submit at 17:30UTC hit 400 quota; user submitted manually at 17:51UTC. Public0.953 reported by user2026-09-29. No score polling."
"","2026-09-29T00:49:11.542587+00:00","c057_conditional_parent","(local pilot only)","C052 conditional-parent competition; whole-embryo opposite600-step pilot","","","local_complete_no_extension_no_submission","12jobs20052inputs5565outputs verified;22off metrics88graphs22detector parity passed. all22vsC023+.000846249 butvsC052-.000632461;heldout12vsC052-.004999444/44b6-.012249943;no net true-fork gain. Hold fixed arm. No Kaggle write;C023/C024 final picks preserved."
56671187,2026-09-29T09:52:34.608764+00:00,c065_pooled_transformer,taeyangg4/biohub-c065-direct-pooled-transformer v1,C065 fixed Transformer v1; actual97 review and exact local/T4 source-model-CSV verified,0.953,,complete,"Autonomous final-four authorization; scientific review + exact T4/local proof, fresh team quota and output/version dedup. No score polling. User-requested one-time exact-ID API check 2026-09-30 confirms COMPLETE/public0.953/no error, matching user report. Displayed0.001 below C023/C024; do not promote C065 final pick. Fresh shared quota0; no resubmission. Review: state/c065_public_result_review_20260930.json."
56676382,2026-09-29T13:07:26.590069+00:00,c067_single_source_44b6,taeyangg4/biohub-c067-fixed-single-44b6 v1,C067 fixed Transformer v1; actual97 review and exact local/T4 source-model-CSV verified,0.954,,complete,"Autonomous final-four authorization; scientific review + exact T4/local proof, fresh team quota and output/version dedup. No score polling. User-requested final-result exact-ID read 2026-09-30: COMPLETE/public0.954/no error. Receipt state\final_selection_review_20260930\final_results_requested_0642.json. No re-submission or polling."
56678906,2026-09-29T14:35:08.262809+00:00,c069_fixed_appearance,taeyangg4/biohub-c069-fixed-appearance v1,C069 fixed Transformer v1; actual97 review and exact local/T4 source-model-CSV verified,0.954,,complete,"Autonomous final-four authorization; scientific review + exact T4/local proof, fresh team quota and output/version dedup. No score polling. User-requested final-result exact-ID read 2026-09-30: COMPLETE/public0.954/no error. Receipt state\final_selection_review_20260930\final_results_requested_0642.json. No re-submission or polling."
56679750,2026-09-29T15:06:38.148794+00:00,c070_fixed_appearance,taeyangg4/biohub-c070-fixed-appearance v1,C070 fixed Transformer v1; actual97 review and exact local/T4 source-model-CSV verified,0.953,,complete,"Autonomous final-four authorization; scientific review + exact T4/local proof, fresh team quota and output/version dedup. No score polling. User-requested final-result exact-ID read 2026-09-30: COMPLETE/public0.953/no error. Receipt state\final_selection_review_20260930\final_results_requested_0642.json. No re-submission or polling."
